<?xml version="1.0" encoding="UTF-8" standalone="no"?>
<cache xmlns="http://geode.apache.org/schema/cache" xmlns:xsi="http://www.w3.org/2001/XMLSchema-instance" copy-on-read="false" is-server="false" lock-lease="120" lock-timeout="60" search-timeout="300" version="1.0" xsi:schemaLocation="http://geode.apache.org/schema/cache http://geode.apache.org/schema/cache/cache-1.0.xsd">
<disk-store name="pdx-disk-store">
    <disk-dirs>
      <disk-dir>/datadisks/disk1/gemfire_cluster/data/pdx</disk-dir>
    </disk-dirs>
  </disk-store>
<disk-store name="test-disk-store">
    <disk-dirs>
      <disk-dir>/datadisks/disk1/gemfire_cluster/data/test</disk-dir>
    </disk-dirs>
  </disk-store>
<pdx disk-store-name="pdx-disk-store" persistent="true" read-serialized="true"/>
<region name="Test">
    <region-attributes data-policy="persistent-partition" disk-store-name="test-disk-store">
      <partition-attributes redundant-copies="1"/>
    </region-attributes>
  </region>
</cache>
